0,nospec_no_specifier_test,1611193134,0
1,nospec_empty_string,1611193134,0
2,nospec_some_escaped_chars,1611193134,0
3,nospec_successive_5_5,1611193134,0
4,nospec_successive_2_9,1611193134,0
5,nospec_successive_8_3,1611193134,0
6,pct_basic,1611193134,0
7,pct_5w,1611193134,1611192963
8,pct_5wlj,1611193134,1611192963
9,pct_5wzp,1611193134,1611192963
10,pct_5wljzp,1611193134,1611192963
11,nocrash_notrequired_nullspec_basic,1611193134,0
12,nocrash_notrequired_nullspec_5w,1611193134,0
13,nocrash_notrequired_nullspec_5wzp,1611193134,0
14,nocrash_notrequired_nullspec_5wzplj,1611193134,0
15,nocrash_notrequired_nullspec_5wlj,1611193134,0
16,c_allprintable_combined,1611193134,0
17,c_1_31_combined,1611193134,0
18,c_128_255_combined,1611193134,0
19,c_allprintable_width,1611193134,0
20,c_1_31_width,1611193134,0
21,c_128_255_width,1611193134,0
22,c_allprintable_width_lj,1611193134,0
23,c_1_31_width_lj,1611193134,0
24,c_128_255_width_lj,1611193134,0
25,c_nullterm_basic,1611193134,0
26,c_nullterm_5w,1611193134,0
27,c_nullterm_5wlj,1611193134,0
28,s_basic_string_expansion,1611193134,0
29,s_only_string_expansion,1611193134,0
30,s_two_string_expansions,1611193134,0
31,s_two_string_expansions2,1611193134,0
32,s_empty_string_expansion,1611193134,0
33,s_full_then_empty_string,1611193134,0
34,s_empty_then_full_string,1611193134,0
35,s_three_strings,1611193134,0
36,s_space_padded_field_width,1611193134,0
37,s_space_padded_field_width2,1611193134,0
38,s_space_padded_over_field_width,1611193134,0
39,s_space_padded_field_width_lj,1611193134,0
40,s_space_padded_field_width2_lj,1611193134,0
41,s_space_padded_over_field_width_lj,1611193134,0
42,s_string_prec_notrunc,1611193134,0
43,s_string_prec_trunc,1611193134,0
44,s_string_prec_default,1611193134,0
45,s_string_prec_zero,1611193134,0
46,s_two_strings_prec_2trunc,1611193134,0
47,s_two_strings_prec_1trunc_a,1611193134,0
48,s_two_strings_prec_1trunc_b,1611193134,0
49,s_two_strings_prec_0trunc,1611193134,0
50,s_string_prec_width_notrunc,1611193134,0
51,s_string_prec_width_trunc,1611193134,0
52,s_string_prec_width_notrunc_lj,1611193134,0
53,s_string_prec_width_trunc_lj,1611193134,0
54,s_two_s_prec_width_2fit_0trunc,1611193134,0
55,s_two_s_prec_width_1fit_a_0trunc,1611193134,0
56,s_two_s_prec_width_1fit_b_0trunc,1611193134,0
57,s_two_s_prec_width_0fit_0trunc,1611193134,0
58,s_two_s_prec_width_2fit_1trunc_a,1611193134,0
59,s_two_s_prec_width_1fit_a_1trunc_a,1611193134,0
60,s_two_s_prec_width_1fit_b_1trunc_a,1611193134,0
61,s_two_s_prec_width_0fit_1trunc_a,1611193134,0
62,s_two_s_prec_width_2fit_1trunc_b,1611193134,0
63,s_two_s_prec_width_1fit_a_1trunc_b,1611193134,0
64,s_two_s_prec_width_1fit_b_1trunc_b,1611193134,0
65,s_two_s_prec_width_0fit_1trunc_b,1611193134,0
66,s_two_s_prec_width_2fit_2trunc,1611193134,0
67,s_two_s_prec_width_1fit_a_2trunc,1611193134,0
68,s_two_s_prec_width_1fit_b_2trunc,1611193134,0
69,s_two_s_prec_width_0fit_2trunc,1611193134,0
70,s_two_s_prec_width_2trunc,1611193134,0
71,s_two_strings_lj_and_rj,1611193134,0
72,s_two_strings_rj_and_lj,1611193134,0
73,s_null_basic_string_expansion,1611193134,0
74,s_null_only_string_expansion,1611193134,0
75,s_null_space_padded_field_width,1611193134,0
76,s_null_space_padded_over_field_width,1611193134,0
77,s_null_space_padded_field_width_lj,1611193134,0
78,s_null_space_padded_field_width2_lj,1611193134,0
79,s_null_space_padded_over_field_width_lj,1611193134,0
80,s_null_string_prec_notrunc,1611193134,0
81,s_null_string_prec_trunc,1611193134,0
82,s_null_string_prec_default,1611193134,0
83,s_null_string_prec_zero,1611193134,0
84,s_basic_s_hidden,1611193134,0
85,s_width_3_s_hidden,1611193134,0
86,s_width_9_s_hidden,1611193134,0
87,s_prec_no_width_s_hidden,1611193134,0
88,s_prec_9_no_width_s_hidden,1611193134,0
89,s_prec_03_no_width_s_hidden,1611193134,0
90,s_prec_09_no_width_s_hidden,1611193134,0
91,s_prec_03_no_width_s_null,1611192963,1611193134
92,s_prec_09_no_width_s_null,1611193134,0
93,s_prec_00_no_width_s_nullchar,1611193134,0
94,s_prec_01_no_width_s_nullchar,1611193134,0
95,s_prec_03_no_width_s_nullchar,1611193134,0
96,s_prec_09_no_width_s_nullchar,1611193134,0
97,s_prec_0_width_3_s_hidden,1611193134,0
98,s_prec_0_width_10_s_hidden,1611193134,0
99,s_prec_0_width_3_s_null,1611193134,0
100,s_prec_0_width_10_s_null,1611193134,0
101,s_prec_0_width_1_s_nullchar,1611193134,0
102,s_prec_0_width_2_s_nullchar,1611193134,0
103,s_prec_0_width_9_s_nullchar,1611193134,0
104,s_prec_0_lj_width_3_s_hidden,1611193134,0
105,s_prec_0_lj_width_8_s_hidden,1611193134,0
106,s_prec_0_lj_width_3_s_null,1611193134,0
107,s_prec_0_lj_width_8_s_null,1611193134,0
108,s_prec_0_lj_width_1_s_nullchar,1611193134,0
109,s_prec_0_lj_width_2_s_nullchar,1611193134,0
110,s_prec_0_lj_width_6_s_nullchar,1611193134,0
111,s_prec_1_width_3_s_hidden,1611193134,0
112,s_prec_1_width_10_s_hidden,1611193134,0
113,s_prec_1_width_3_s_null,1611192963,1611193134
114,s_prec_1_width_9_s_null,1611192963,1611193134
115,s_prec_1_lj_width_3_s_hidden,1611193134,0
116,s_prec_1_lj_width_10_s_hidden,1611193134,0
117,s_prec_1_lj_width_3_s_null,1611192963,1611193134
118,s_prec_1_lj_width_9_s_null,1611192963,1611193134
119,s_prec_1_lj_width_3_s_nullchar,1611193134,0
120,s_prec_1_lj_width_6_s_nullchar,1611193134,0
121,s_prec_perfect_width_3_s_hidden,1611193134,0
122,s_prec_perfect_width_20_s_hidden,1611193134,0
123,s_prec_perfect_width_3_s_null,1611193134,0
124,s_prec_perfect_width_20_s_null,1611193134,0
125,s_prec_perfect_width_3_s_nullchar,1611193134,0
126,s_prec_perfect_width_6_s_nullchar,1611193134,0
127,s_prec_perfect_lj_width_3_s_hidden,1611193134,0
128,s_prec_perfect_lj_width_20_s_hidden,1611193134,0
129,s_prec_8_lj_width_3_s_hidden,1611193134,0
130,s_prec_8_lj_width_10_s_hidden,1611193134,0
131,s_prec_8_lj_width_3_s_null,1611193134,0
132,s_prec_8_lj_width_10_s_null,1611193134,0
133,s_prec_00_lj_s_hidden_trunc,1611193134,0
134,s_prec_09_lj_s_hidden_notrunc,1611193134,0
173,p_null,1611192963,1611193134
178,p_ftfc_5w_throwswarning,1611192963,1611193134
179,p_basic,1611193134,1601329415
180,p_width_fit,1611193134,1601342216
181,p_width_nofit,1611193134,1601342216
182,p_width_16,1611193134,1601342216
183,p_width_8,1611193134,1601342216
184,p_width_32,1611193134,1601342216
185,p_width_fit_lj,1611193134,1601355199
186,p_width_nofit_lj,1611193134,1601355199
187,p_width_16_lj,1611193134,1601355199
188,p_width_8_lj,1611193134,1601355199
189,p_width_32_lj,1611193134,1601355199
190,d_basic_pos,1611193134,1601329415
191,d_basic_neg,1611193134,1601329415
192,d_basic_zero,1611193134,1601329415
193,d_basic_onlypos,1611193134,1601329415
194,d_basic_onlyneg,1611193134,1601329415
195,d_basic_onlyzero,1611193134,1601329415
196,d_intmax,1611193134,1601329415
197,d_intmin,1611193134,1601329415
198,d_width_pos_fits,1611193134,1601342216
199,d_width_neg_fits,1611193134,1601527005
200,d_width_zero_fits,1611193134,1601342216
201,d_width_pos_exactfit,1611193134,1601342216
202,d_width_neg_exactfit,1611193134,1601342216
203,d_width_pos_nofit,1611193134,1601342216
204,d_width_neg_nofit,1611193134,1601342216
205,d_width_pos_fits_lj,1611193134,1601342216
206,d_width_neg_fits_lj,1611193134,1601583600
207,d_width_zero_fits_lj,1611193134,1601342216
208,d_width_pos_exactfit_lj,1611193134,1601342216
209,d_width_neg_exactfit_lj,1611193134,1601342216
210,d_width_pos_nofit_lj,1611193134,1601342216
211,d_width_neg_nofit_lj,1611193134,1601342216
212,d_prec_fits_pos,1611193134,1601150734
213,d_prec_fits_neg,1611193134,1601519519
214,d_prec_fits_zero,1611193134,1601150734
215,d_prec_exactfit_pos,1611193134,1601150734
216,d_prec_exactfit_neg,1611193134,1601519519
217,d_prec_nofit_pos,1611193134,1601150734
218,d_prec_nofit_neg,1611193134,1601519519
219,d_zp_pos_fits,1611193134,1601342216
220,d_zp_neg_fits,1611193134,1601353689
221,d_zp_zero_fits,1611193134,1601342216
222,d_zp_pos_exactfit,1611193134,1601342216
223,d_zp_neg_exactfit,1611193134,1601342216
224,d_zp_neg_minus1fit,1611193134,1601342216
225,d_prec_width_fit_fit_pos,1611193134,1601342216
226,d_prec_width_fit_fit_neg,1611193134,1601527005
227,d_prec_width_fit_fit_zero,1611193134,1601342216
228,d_prec_width_nofit_fit_pos,1611193134,1601342216
229,d_prec_width_nofit_fit_neg,1611193134,1601527005
230,d_prec_width_fit_nofit_pos,1611193134,1601150734
231,d_prec_width_fit_nofit_neg,1611193134,1601519519
232,d_prec_width_nofit_nofit_pos,1611193134,1601150734
233,d_prec_width_nofit_nofit_neg,1611193134,1601519519
234,d_prec_width_fit_fit_pos_lj,1611193134,1601342216
235,d_prec_width_fit_fit_neg_lj,1611193134,1601583600
236,d_prec_width_fit_fit_zero_lj,1611193134,1601342216
237,d_prec_width_nofit_fit_pos_lj,1611193134,1601342216
238,d_prec_width_nofit_fit_neg_lj,1611193134,1601583600
239,d_prec_width_fit_nofit_pos_lj,1611193134,1601150734
240,d_prec_width_fit_nofit_neg_lj,1611193134,1601519519
241,d_prec_width_nofit_nofit_pos_lj,1611193134,1601150734
242,d_prec_width_nofit_nofit_neg_lj,1611193134,1601519519
243,d_prec_width_ff_pos_zp,1611193134,1601342216
244,d_prec_width_ff_neg_zp,1611193134,1601527005
245,d_prec_width_ff_zero_zp,1611193134,1601342216
246,d_prec_width_nf_pos_zp,1611193134,1601342216
247,d_prec_width_nf_neg_zp,1611193134,1601527005
248,d_prec_width_fn_pos_zp,1611193134,1601150734
249,d_prec_width_fn_neg_zp,1611193134,1601519519
250,d_prec_width_nn_pos_zp,1611193134,1601150734
251,d_prec_width_nn_neg_zp,1611193134,1601519519
252,d_prec_width_ff_pos_lj_zp_ignoreflag,1611193134,1601342216
253,d_prec_width_ff_neg_ljzp_ignoreflag,1611193134,1601583600
254,d_prec_width_ff_zero_ljzp_ignoreflag,1611193134,1601342216
255,d_prec_width_nf_pos_ljzp_ignoreflag,1611193134,1601342216
256,d_prec_width_nf_neg_ljzp_ignoreflag,1611193134,1601583600
257,d_prec_width_fn_pos_ljzp_ignoreflag,1611193134,1601150734
258,d_prec_width_fn_neg_ljzp_ignoreflag,1611193134,1601519519
259,d_prec_width_nn_pos_ljzp_ignoreflag,1611193134,1601150734
260,d_prec_width_nn_neg_ljzp_ignoreflag,1611193134,1601519519
261,d_prec0val0_basic,1611193134,1601329415
262,d_prec0val0_implicit,1611193134,1601329415
263,d_prec0val0_w,1611193134,1601342216
264,d_prec0val0_w_impl,1611193134,1601342216
265,d_prec0val0_wlj,1611193134,1601342216
266,d_prec0val0_wlj_impl,1611193134,1601342216
267,i_basic_pos,1611193134,1601329415
268,i_basic_neg,1611193134,1601329415
269,i_basic_zero,1611193134,1601329415
270,i_basic_onlypos,1611193134,1601329415
271,i_basic_onlyneg,1611193134,1601329415
272,i_basic_onlyzero,1611193134,1601329415
273,i_intmax,1611193134,1601329415
274,i_intmin,1611193134,1601329415
275,i_width_pos_fits,1611193134,1601342216
276,i_width_neg_fits,1611193134,1601527005
277,i_width_zero_fits,1611193134,1601342216
278,i_width_pos_exactfit,1611193134,1601342216
279,i_width_neg_exactfit,1611193134,1601342216
280,i_width_pos_nofit,1611193134,1601342216
281,i_width_neg_nofit,1611193134,1601342216
282,i_width_pos_fits_lj,1611193134,1601342216
283,i_width_neg_fits_lj,1611193134,1601583600
284,i_width_zero_fits_lj,1611193134,1601342216
285,i_width_pos_exactfit_lj,1611193134,1601342216
286,i_width_neg_exactfit_lj,1611193134,1601342216
287,i_width_pos_nofit_lj,1611193134,1601342216
288,i_width_neg_nofit_lj,1611193134,1601342216
289,i_prec_fits_pos,1611193134,1601150734
290,i_prec_fits_neg,1611193134,1601519519
291,i_prec_fits_zero,1611193134,1601150734
292,i_prec_exactfit_pos,1611193134,1601150734
293,i_prec_exactfit_neg,1611193134,1601519519
294,i_prec_nofit_pos,1611193134,1601150734
295,i_prec_nofit_neg,1611193134,1601519519
296,i_zp_pos_fits,1611193134,1601342216
297,i_zp_neg_fits,1611193134,1601353689
298,i_zp_zero_fits,1611193134,1601342216
299,i_zp_pos_exactfit,1611193134,1601342216
300,i_zp_neg_exactfit,1611193134,1601342216
301,i_zp_neg_minus1fit,1611193134,1601342216
302,i_prec_width_fit_fit_pos,1611193134,1601342216
303,i_prec_width_fit_fit_neg,1611193134,1601527005
304,i_prec_width_fit_fit_zero,1611193134,1601342216
305,i_prec_width_nofit_fit_pos,1611193134,1601342216
306,i_prec_width_nofit_fit_neg,1611193134,1601527005
307,i_prec_width_fit_nofit_pos,1611193134,1601150734
308,i_prec_width_fit_nofit_neg,1611193134,1601519519
309,i_prec_width_nofit_nofit_pos,1611193134,1601150734
310,i_prec_width_nofit_nofit_neg,1611193134,1601519519
311,i_prec_width_fit_fit_pos_lj,1611193134,1601342216
312,i_prec_width_fit_fit_neg_lj,1611193134,1601583600
313,i_prec_width_fit_fit_zero_lj,1611193134,1601342216
314,i_prec_width_nofit_fit_pos_lj,1611193134,1601342216
315,i_prec_width_nofit_fit_neg_lj,1611193134,1601583600
316,i_prec_width_fit_nofit_pos_lj,1611193134,1601329788
317,i_prec_width_fit_nofit_neg_lj,1611193134,1601519519
318,i_prec_width_nofit_nofit_pos_lj,1611193134,1601150734
319,i_prec_width_nofit_nofit_neg_lj,1611193134,1601519519
320,i_prec_width_ff_pos_zp,1611193134,1601342216
321,i_prec_width_ff_neg_zp,1611193134,1601527005
322,i_prec_width_ff_zero_zp,1611193134,1601342216
323,i_prec_width_nf_pos_zp,1611193134,1601342216
324,i_prec_width_nf_neg_zp,1611193134,1601527005
325,i_prec_width_fn_pos_zp,1611193134,1601150734
326,i_prec_width_fn_neg_zp,1611193134,1601519519
327,i_prec_width_nn_pos_zp,1611193134,1601150734
328,i_prec_width_nn_neg_zp,1611193134,1601519519
329,i_prec_width_ff_pos_lj_zp_ignoreflag,1611193134,1601342216
330,i_prec_width_ff_neg_ljzp_ignoreflag,1611193134,1601583600
331,i_prec_width_ff_zero_ljzp_ignoreflag,1611193134,1601342216
332,i_prec_width_nf_pos_ljzp_ignoreflag,1611193134,1601342216
333,i_prec_width_nf_neg_ljzp_ignoreflag,1611193134,1601583600
334,i_prec_width_fn_pos_ljzp_ignoreflag,1611193134,1601150734
335,i_prec_width_fn_neg_ljzp_ignoreflag,1611193134,1601519519
336,i_prec_width_nn_pos_ljzp_ignoreflag,1611193134,1601150734
337,i_prec_width_nn_neg_ljzp_ignoreflag,1611193134,1601519519
338,i_prec0val0_basic,1611193134,1601329415
339,i_prec0val0_implicit,1611193134,1601329415
340,i_prec0val0_w,1611193134,1601342216
341,i_prec0val0_w_impl,1611193134,1601342216
342,i_prec0val0_wlj,1611193134,1601342216
343,i_prec0val0_wlj_impl,1611193134,1601342216
344,u_basic_pos,1611193134,1601329415
345,u_basic_zero,1611193134,1601329415
346,u_basic_onlypos,1611193134,1601329415
347,u_uintmax,1611193134,1601329415
348,u_width_pos_fits,1611193134,1601342216
349,u_width_zero_fits,1611193134,1601342216
350,u_width_pos_exactfit,1611193134,1601342216
351,u_width_pos_nofit,1611193134,1601342216
352,u_width_pos_fits_lj,1611193134,1601342216
353,u_width_zero_fits_lj,1611193134,1601342216
354,u_width_pos_exactfit_lj,1611193134,1601342216
355,u_width_pos_nofit_lj,1611193134,1601342216
356,u_prec_fits_pos,1611193134,1601338496
357,u_prec_fits_zero,1611193134,1601338620
358,u_prec_exactfit_pos,1611193134,1601150734
359,u_prec_nofit_pos,1611193134,1601340256
360,u_zp_pos_fits,1611193134,1601342216
361,u_zp_zero_fits,1611193134,1601342216
362,u_zp_pos_exactfit,1611193134,1601342216
363,u_prec_width_fit_fit_pos,1611193134,1601342216
364,u_prec_width_fit_fit_zero,1611193134,1601342216
365,u_prec_width_nofit_fit_pos,1611193134,1601342216
366,u_prec_width_fit_nofit_pos,1611193134,1601150734
367,u_prec_width_nofit_nofit_pos,1611193134,1601150734
368,u_prec_width_fit_fit_pos_lj,1611193134,1601342216
369,u_prec_width_fit_fit_zero_lj,1611193134,1601342216
370,u_prec_width_nofit_fit_pos_lj,1611193134,1601342216
371,u_prec_width_fit_nofit_pos_lj,1611193134,1601150734
372,u_prec_width_nofit_nofit_pos_lj,1611193134,1601218369
373,u_prec_width_ff_pos_zp,1611193134,1601342216
374,u_prec_width_ff_zero_zp,1611193134,1601342216
375,u_prec_width_nf_pos_zp,1611193134,1601342216
376,u_prec_width_fn_pos_zp,1611193134,1601150734
377,u_prec_width_nn_pos_zp,1611193134,1601150734
378,u_prec_width_ff_pos_ljzp_ignoreflag,1611193134,1601342216
379,u_prec_width_ff_zero_ljzp_ignoreflag,1611193134,1601342216
380,u_prec_width_nf_pos_ljzp_ignoreflag,1611193134,1601342216
381,u_prec_width_fn_pos_ljzp_ignoreflag,1611193134,1601150734
382,u_prec_width_nn_pos_ljzp_ignoreflag,1611193134,1601150734
383,u_prec0val0_basic,1611193134,1601329415
384,u_prec0val0_implicit,1611193134,1601329415
385,u_prec0val0_w,1611193134,1601342216
386,u_prec0val0_w_impl,1611193134,1601342216
387,u_prec0val0_wlj,1611193134,1601342216
388,u_prec0val0_wlj_impl,1611193134,1601342216
389,x_basic_pos,1611193134,1601342109
390,x_basic_zero,1611193134,1601342109
391,x_basic_onlypos,1611193134,1601342109
392,x_hexlmax,1611193134,1601342109
393,x_width_pos_fits,1611193134,1601342672
394,x_width_zero_fits,1611193134,1601342216
395,x_width_pos_exactfit,1611193134,1601342216
396,x_width_pos_nofit,1611193134,1601524447
397,x_width_pos_fits_lj,1611193134,1601342216
398,x_width_zero_fits_lj,1611193134,1601431378
399,x_width_pos_exactfit_lj,1611193134,1601353689
400,x_width_pos_nofit_lj,1611193134,1601524447
401,x_prec_fits_pos,1611193134,1601150734
402,x_prec_fits_zero,1611193134,1601150734
403,x_prec_exactfit_pos,1611193134,1601150734
404,x_prec_nofit_pos,1611193134,1601150734
405,x_zp_pos_fits,1611193134,1601342216
406,x_zp_zero_fits,1611193134,1601342216
407,x_zp_pos_exactfit,1611193134,1601524447
408,x_prec_width_fit_fit_pos,1611193134,1601342216
409,x_prec_width_fit_fit_zero,1611193134,1601342216
410,x_prec_width_nofit_fit_pos,1611193134,1601342216
411,x_prec_width_fit_nofit_pos,1611193134,1601150734
412,x_prec_width_nofit_nofit_pos,1611193134,1601150734
413,x_prec_width_fit_fit_pos_lj,1611193134,1601342216
414,x_prec_width_fit_fit_zero_lj,1611193134,1601342216
415,x_prec_width_nofit_fit_pos_lj,1611193134,1601342216
416,x_prec_width_fit_nofit_pos_lj,1611193134,1601150734
417,x_prec_width_nofit_nofit_pos_lj,1611193134,1601150734
418,x_prec_width_ff_pos_zp,1611193134,1601342216
419,x_prec_width_ff_zero_zp,1611193134,1601342216
420,x_prec_width_nf_pos_zp,1611193134,1601342216
421,x_prec_width_fn_pos_zp,1611193134,1601150734
422,x_prec_width_nn_pos_zp,1611193134,1601150734
423,x_prec_width_ff_pos_ljzp_ignoreflag,1611193134,1601342216
424,x_prec_width_ff_zero_ljzp_ignoreflag,1611193134,1601342216
425,x_prec_width_nf_pos_ljzp_ignoreflag,1611193134,1601342216
426,x_prec_width_fn_pos_ljzp_ignoreflag,1611193134,1601150734
427,x_prec_width_nn_pos_ljzp_ignoreflag,1611193134,1601150734
428,x_prec0val0_basic,1611193134,1601342109
429,x_prec0val0_implicit,1611193134,1601342109
430,x_prec0val0_w,1611193134,1601342216
431,x_prec0val0_w_impl,1611193134,1601342216
432,x_prec0val0_wlj,1611193134,1601342216
433,x_prec0val0_wlj_impl,1611193134,1601342216
434,X_basic_hexu_pos,1611193134,1601342109
435,X_basic_hexu_zero,1611193134,1601342109
436,X_basic_hexu_onlypos,1611193134,1601342109
437,X_hexumax,1611193134,1601342109
438,X_width_pos_fits,1611193134,1601342216
439,X_width_zero_fits,1611193134,1601342216
440,X_width_pos_exactfit,1611193134,1601342216
441,X_width_pos_nofit,1611193134,1601524447
442,X_width_pos_fits_lj,1611193134,1601342216
443,X_width_zero_fits_lj,1611193134,1601342216
444,X_width_pos_exactfit_lj,1611193134,1601342216
445,X_width_pos_nofit_lj,1611193134,1601524447
446,X_prec_fits_pos,1611193134,1601150734
447,X_prec_fits_zero,1611193134,1601150734
448,X_prec_exactfit_pos,1611193134,1601150734
449,X_prec_nofit_pos,1611193134,1601150734
450,X_zp_pos_fits,1611193134,1601342216
451,X_zp_zero_fits,1611193134,1601342216
452,X_zp_pos_exactfit,1611193134,1601524447
453,X_prec_width_fit_fit_pos,1611193134,1601342216
454,X_prec_width_fit_fit_zero,1611193134,1601342216
455,X_prec_width_nofit_fit_pos,1611193134,1601342216
456,X_prec_width_fit_nofit_pos,1611193134,1601150734
457,X_prec_width_nofit_nofit_pos,1611193134,1601150734
458,X_prec_width_fit_fit_pos_lj,1611193134,1601342216
459,X_prec_width_fit_fit_zero_lj,1611193134,1601342216
460,X_prec_width_nofit_fit_pos_lj,1611193134,1601342216
461,X_prec_width_fit_nofit_pos_lj,1611193134,1601150734
462,X_prec_width_nofit_nofit_pos_lj,1611193134,1601150734
463,X_prec_width_ff_pos_zp,1611193134,1601342216
464,X_prec_width_ff_zero_zp,1611193134,1601342216
465,X_prec_width_nf_pos_zp,1611193134,1601342216
466,X_prec_width_fn_pos_zp,1611193134,1601150734
467,X_prec_width_nn_pos_zp,1611193134,1601150734
468,X_prec_width_ff_pos_ljzp_ignoreflag,1611193134,1601342216
469,X_prec_width_ff_zero_ljzp_ignoreflag,1611193134,1601342216
470,X_prec_width_nf_pos_ljzp_ignoreflag,1611193134,1601342216
471,X_prec_width_fn_pos_ljzp_ignoreflag,1611193134,1601150734
472,X_prec_width_nn_pos_ljzp_ignoreflag,1611193134,1601150734
473,X_prec0val0_basic,1611193134,1601342109
474,X_prec0val0_implicit,1611193134,1601342109
475,X_prec0val0_w,1611193134,1601342216
476,X_prec0val0_w_impl,1611193134,1601342216
477,X_prec0val0_wlj,1611193134,1601342216
478,X_prec0val0_wlj_impl,1611193134,1601342216
479,new2019_star_1,1611193134,1601589926
480,new2019_star_2,1611193134,1601589926
481,new2019_star_3,1611193134,0
482,new2019_star_4,1611193134,0
483,new2019_star_5,1611193134,0
484,new2019_star_6,1611193134,1601589926
485,new2019_star_7,1611193134,1601342216
486,new2019_star_8,1611193134,1601589926
487,new2019_star_9,1611193134,1601519519
488,new2019_star_10,1611193134,1601589926
489,new2019_negstar_1,1611193134,1601151434
490,new2019_negstar_2,1611193134,1601589990
491,new2019_negstar_3,1611193134,0
492,new2019_negstar_4,1611193134,0
493,new2019_negstar_5,1611193134,1601589990
494,new2019_negstar_6,1611193134,1601342216
495,new2019_negstar_7,1611193134,1601342216
496,new2019_negstar_8,1611193134,1601329415
497,new2019_negstar_9,1611193134,1601583600
498,nocrash_notrequired_noarg_1,1611193134,0
499,nocrash_notrequired_noarg_2,1611193134,0
500,nocrash_notrequired_noarg_3,1611193134,0
501,nocrash_notrequired_noarg_5,1611193134,0
502,nocrash_notrequired_noarg_6,1611193134,0
503,nocrash_notrequired_noarg_9,1611193134,0
504,nocrash_notrequired_noarg_10,1611193134,0
505,nocrash_notrequired_noarg_16,1611193134,0
506,nocrash_notrequired_noarg_17,1611193134,0
507,nocrash_notrequired_noarg_19,1611193134,0
508,nocrash_notrequired_noarg_20,1611193134,0
509,nocrash_notrequired_noarg_21,1611193134,0
510,nocrash_notrequired_noarg_22,1611193134,0
511,nocrash_notrequired_noarg_24,1611193134,0
512,nocrash_notrequired_noarg_25,1611193134,0
513,nocrash_notrequired_nullarg_1,1611193134,0
514,nocrash_notrequired_nullarg_2,1611193134,1601336698
515,nocrash_notrequired_nullarg_3,1611193134,0
516,nocrash_notrequired_nullarg_5,1611193134,0
517,nocrash_notrequired_nullarg_6,1611193134,1601338620
518,nocrash_notrequired_nullarg_9,1611193134,0
519,nocrash_notrequired_nullarg_10,1611193134,0
520,nocrash_notrequired_nullarg_16,1611193134,0
521,nocrash_notrequired_nullarg_17,1611193134,0
522,nocrash_notrequired_nullarg_18,1611193134,0
523,nocrash_notrequired_nullarg_19,1611193134,0
524,nocrash_notrequired_nullarg_20,1611193134,0
525,nocrash_notrequired_nullarg_21,1611193134,0
526,nocrash_notrequired_nullarg_22,1611193134,0
527,nocrash_notrequired_nullarg_23,1611193134,0
528,nocrash_notrequired_nullarg_24,1611193134,0
529,nocrash_notrequired_nullarg_25,1611193134,1601215720
530,nocrash_notrequired_dupflag_d_ljljw,1611193134,0
531,nocrash_notrequired_c_prec_1,1611193134,0
532,nocrash_notrequired_c_prec_2,1611193134,0
533,nocrash_notrequired_c_zp_1,1611193134,0
534,nocrash_notrequired_c_zp_2,1611193134,1601353343
535,nocrash_notrequired_c_lj_nowidth,1611193134,1601340256
536,nocrash_notrequired_s_zp_1,1611193134,0
537,nocrash_notrequired_s_zp_2,1611193134,0
538,nocrash_notrequired_s_lj_nowidth,1611193134,0
539,nocrash_notrequired_p_prec_1,1611193134,1600990803
540,nocrash_notrequired_p_prec_2,1611193134,0
541,nocrash_notrequired_p_zp_1,1611193134,0
542,nocrash_notrequired_p_zp_2,1611193134,0
543,nocrash_notrequired_p_lj_nowidth,1611193134,0
544,nocrash_notrequired_i_lj_nowidth,1611193134,0
545,nocrash_notrequired_u_lj_nowidth,1611193134,0
546,nocrash_notrequired_x_lj_nowidth,1611193134,0
547,nocrash_notrequired_f_lj_nowidth,1611193134,0
548,moul_c_1,1611193134,0
549,moul_c_2,1611193134,0
550,moul_c_3,1611193134,0
551,moul_c_4,1611193134,1601157690
552,moul_c_5,1611193134,0
553,moul_c_5b,1611193134,0
554,moul_c_6,1611193134,0
555,moul_c_7,1611193134,0
556,moul_c_8,1611193134,0
557,moul_c_9,1611193134,0
558,moul_c_10,1611193134,0
559,moul_c_11,1611193134,0
560,moul_c_12,1611193134,0
561,moul_c_13,1611193134,1601326871
562,moul_c_14,1611193134,0
563,moul_c_15,1611193134,0
564,moul_c_16,1611193134,1601146428
565,moul_c_17,1611193134,0
566,moul_c_18,1611193134,0
567,moul_c_19,1611193134,1601340725
568,moul_c_20,1611193134,0
569,moul_c_21,1611193134,0
570,moul_c_22,1611193134,0
571,moul_c_23,1611193134,1601149603
572,moul_c_24,1611193134,0
573,moul_c_25,1611193134,0
574,moul_c_26,1611193134,0
575,moul_c_27,1611193134,0
576,moul_c_28,1611193134,0
577,moul_s_1,1611193134,0
578,moul_s_2,1611193134,0
579,moul_s_3,1611193134,0
580,moul_s_4,1611193134,0
581,moul_s_5_this_ones_a_doozy,1611193134,0
582,moul_d_1,1611193134,1601329415
583,moul_d_2,1611193134,1601329415
584,moul_d_3,1611193134,1601329415
585,moul_d_4,1611193134,1601329415
586,moul_d_5,1611193134,1601329415
587,moul_d_6,1611193134,1601329415
588,moul_d_7,1611193134,1601329415
589,moul_d_8,1611193134,1601329415
590,moul_d_9,1611193134,1601329415
591,moul_d_10,1611193134,1601329415
592,moul_d_11,1611193134,1601329415
593,moul_d_12,1611193134,1601329415
594,moul_mix_1,1611193134,1601329415
595,moul_i_1,1611193134,1601329415
596,moul_i_2,1611193134,1601329415
597,moul_i_3,1611193134,1601329415
598,moul_i_4,1611193134,1601329415
599,moul_i_5,1611193134,1601329415
600,moul_i_6,1611193134,1601329415
601,moul_i_7,1611193134,1601342216
602,moul_i_8,1611193134,1601329415
603,moul_i_9,1611193134,1601329415
604,moul_i_10,1611193134,1601329415
605,moul_i_11,1611193134,1601329415
606,moul_i_12,1611193134,1601329415
607,moul_u_1,1611193134,1601329415
608,moul_u_2,1611193134,1601329415
609,moul_u_3,1611193134,1601329415
610,moul_u_4,1611193134,1601329415
611,moul_u_5,1611193134,1601431378
612,moul_u_6,1611193134,1601329415
613,moul_u_7,1611193134,1601329415
614,moul_u_8,1611193134,1601329415
615,moul_u_9,1611193134,1601329415
616,moul_u_10,1611193134,1601329415
617,moul_u_11,1611193134,1601329415
618,moul_u_12,1611193134,1601329415
619,moul_x_1,1611193134,1601342109
620,moul_x_2,1611193134,1601342109
621,moul_x_3,1611193134,1601342109
622,moul_x_4,1611193134,1601342109
623,moul_x_5,1611193134,1601342109
624,moul_x_6,1611193134,1601342109
625,moul_x_7,1611193134,1601342109
626,moul_x_8,1611193134,1601342109
627,moul_x_9,1611193134,1601342109
628,moul_x_10,1611193134,1601342109
629,moul_x_11,1611193134,1601342109
630,moul_x_12,1611193134,1601342109
631,moul_prec_1,1611193134,1601153439
632,moul_prec_3,1611193134,1601153439
633,moul_prec_4,1611193134,1601342216
634,moul_prec_5,1611193134,1601342216
635,moul_zeropad_1,1611193134,1601342216
636,moul_zeropad_2,1611193134,1601342216
637,moul_zeropad_3,1611193134,1601329415
638,moul_zeropad_4,1611193134,1601329415
639,moul_leftjusty_1,1611193134,1601338575
640,moul_leftjusty_2,1611193134,1601329415
641,moul_leftjusty_3,1611193134,1601329415
642,moul_leftjusty_4,1611193134,1601342216
643,moul_leftjusty_5,1611193134,1601583600
644,moul_leftjusty_6,1611193134,1601342216
645,moul_leftjusty_7,1611193134,1601342216
646,moul_star_1,1611193134,1601589926
647,moul_star_2,1611193134,1611083698
648,moul_star_3,1611193134,1601589926
649,moul_star_4,1611193134,1601589926
650,moul_star_5,1611193134,1601342216
651,mix_test_0,1611193134,1601342109
652,mix_test_1,1611193134,1601342109
653,mix_test_2,1611193134,1601342109
654,mix_test_3,1611193134,1601342109
655,mix_test_4,1611193134,1601342109
656,mix_test_5,1611193134,1601342109
657,mix_test_6,1611193134,1601342109
658,mix_test_7,1611193134,1601342109
659,mix_test_8,1611193134,1601342109
660,mix_test_9,1611193134,1601342109
661,mix_test_10,1611193134,1601342109
662,mix_test_11,1611193134,1601342109
663,mix_test_12,1611193134,1601342109
664,mix_test_13,1611193134,1601342109
665,mix_test_14,1611193134,1601440725
666,mix_test_15,1611193134,1601342109
667,mix_test_16,1611193134,1601342109
668,mix_test_17,1611193134,1601342109
669,mix_test_18,1611193134,1601342109
670,mix_test_19,1611193134,1601342109
671,mix_test_20,1611193134,1601342109
672,mix_test_21,1611193134,1601342109
673,mix_test_22,1611193134,1601342109
674,mix_test_23,1611193134,1601342109
675,mix_test_24,1611193134,1601342109
676,mix_test_25,1611193134,1601342109
677,mix_test_26,1611193134,1601342109
678,mix_test_27,1611193134,1601342109
679,mix_test_28,1611193134,1601342109
680,mix_test_29,1611193134,1601342109
681,mix_test_30,1611193134,1601342109
682,mix_test_31,1611193134,1601342109
683,mix_test_32,1611193134,1601342109
684,mix_test_33,1611193134,1601342109
685,mix_test_34,1611193134,1601342109
686,mix_test_35,1611193134,1601342109
687,mix_test_36,1611193134,1601342109
688,mix_test_37,1611193134,1601342109
689,mix_test_38,1611193134,1601342109
690,mix_test_39,1611193134,1601342109
691,mix_test_40,1611193134,1601342109
692,mix_test_41,1611193134,1601329415
693,mix_test_42,1611193134,1601342109
694,mix_test_43,1611193134,1601342109
695,mix_test_44,1611193134,1601342109
696,mix_test_45,1611193134,1601342109
697,mix_test_46,1611193134,1601342109
698,mix_test_47,1611193134,1601342109
699,mix_test_48,1611193134,1601342109
700,mix_test_49,1611193134,1601342109
701,mix_test_50,1611193134,1601342109
702,mix_test_51,1611193134,1601342109
703,mix_test_52,1611193134,1601342109
704,mix_test_53,1611193134,1601342109
705,mix_test_54,1611193134,1601329415
706,mix_test_55,1611193134,1601441472
707,mix_test_56,1611193134,1601342109
708,mix_test_57,1611193134,1601342109
709,mix_test_58,1611193134,1601342109
710,mix_test_59,1611193134,1601342109
711,mix_test_60,1611193134,1601342109
712,mix_test_61,1611193134,1601342109
713,mix_test_62,1611193134,1601342109
714,mix_test_63,1611193134,1601342109
715,mix_test_64,1611193134,1601342109
716,mix_test_65,1611193134,1601342109
717,mix_test_66,1611193134,1601342109
718,mix_test_67,1611193134,1601342109
719,mix_test_68,1611193134,1601342109
720,mix_test_69,1611193134,1601342109
721,mix_test_70,1611193134,1601342109
722,mix_test_71,1611193134,1601342109
723,mix_test_72,1611193134,1601342109
724,mix_test_73,1611193134,1601431710
725,mix_test_74,1611193134,1601342109
726,mix_test_75,1611193134,1601342109
727,mix_test_76,1611193134,1601342109
728,mix_test_77,1611193134,1601342109
729,mix_test_78,1611193134,1601342109
730,mix_test_79,1611193134,1601342109
731,mix_test_80,1611193134,1601342109
732,mix_test_81,1611193134,1601342109
733,mix_test_82,1611193134,1601342109
734,mix_test_83,1611193134,1601342109
735,mix_test_84,1611193134,1601342109
736,mix_test_85,1611193134,1601342109
737,mix_test_86,1611193134,1601342109
738,mix_test_87,1611193134,1601342109
739,mix_test_88,1611193134,1601342109
740,mix_test_89,1611193134,1601342109
741,mix_test_90,1611193134,1601342109
742,mix_test_91,1611193134,1601342109
743,mix_test_92,1611193134,1601342109
744,mix_test_93,1611193134,1601342109
745,mix_test_94,1611193134,1601342109
746,mix_test_95,1611193134,1601342109
747,mix_test_96,1611193134,1601342109
748,mix_test_97,1611193134,1601342109
749,mix_test_98,1611193134,1601342109
750,mix_test_99,1611193134,1601342109
751,mix_successive_0,1611193134,1601329415
752,mix_successive_4,1611193134,1601342109
753,mix_successive_6,1611193134,0
754,mix_successive_10,1611193134,1601329415
755,mix_successive_16,1611193134,1601342109
756,mix_successive_20,1611193134,1601329415
757,mix_successive_21,1611193134,1601342109
758,mix_successive_28,1611193134,1601329415
759,mix_successive_30,1611193134,1601329415
760,mix_successive_31,1611193134,1601342109
761,mix_successive_32,1611193134,1601342109
762,mix_successive_39,1611193134,1601329415
763,mix_successive_40,1611193134,1601342109
764,mix_successive_42,1611193134,1601342109
765,mix_successive_43,1611193134,1601342109
766,mix_successive_45,1611193134,0
767,mix_successive_46,1611193134,1601329415
768,mix_successive_61,1611193134,1601329415
769,mix_successive_64,1611193134,0
872,nocrash_notrequired_bonus_as_dupflag_d,1611193134,0
873,nocrash_notrequired_bonus_as_dupflag_d_ljasljw,1611193134,0
874,nocrash_notrequired_bonus_as_c_1,1611193134,0
875,nocrash_notrequired_bonus_as_c_2,1611193134,0
876,nocrash_notrequired_bonus_as_s_1,1611193134,0
877,nocrash_notrequired_bonus_as_p_1,1611193134,0
878,nocrash_notrequired_bonus_as_p_2,1611193134,0
879,nocrash_notrequired_bonus_as_u,1611193134,0
880,nocrash_notrequired_bonus_as_x,1611193134,0
881,nocrash_notrequired_bonus_as_X,1611193134,0
882,bonus_sp_d_basic_i_pos,1611193134,1611083698
883,bonus_sp_d_basic_i_neg,1611193134,1611083698
884,bonus_sp_d_basic_i_zero,1611193134,1611083698
885,bonus_sp_d_basic_i_onlypos,1611193134,1611083698
886,bonus_sp_d_basic_i_onlyneg,1611193134,1611083698
887,bonus_sp_d_basic_i_onlyzero,1611193134,1611083698
888,bonus_sp_d_basic_i_pos_d,1611193134,1611083698
889,bonus_sp_d_basic_i_neg_d,1611193134,1611083698
890,bonus_sp_d_basic_i_zero_d,1611193134,1611083698
891,bonus_sp_d_intmax,1611193134,1611083698
892,bonus_sp_d_intmin,1611193134,1611083698
893,bonus_sp_d_width_pos_fits,1611193134,1611083698
894,bonus_sp_d_width_neg_fits,1611193134,1611083698
895,bonus_sp_d_width_zero_fits,1611193134,1611083698
896,bonus_sp_d_width_pos_exactfit,1611193134,1611083698
897,bonus_sp_d_width_neg_exactfit,1611193134,1611083698
898,bonus_sp_d_width_pos_nofit,1611193134,1611083698
899,bonus_sp_d_width_neg_nofit,1611193134,1611083698
900,bonus_sp_d_width_pos_fits_lj,1611193134,1611083698
901,bonus_sp_d_width_neg_fits_lj,1611193134,1611083698
902,bonus_sp_d_width_zero_fits_lj,1611193134,1611083698
903,bonus_sp_d_width_pos_exactfit_lj,1611193134,1611083698
904,bonus_sp_d_width_neg_exactfit_lj,1611193134,1611083698
905,bonus_sp_d_width_pos_nofit_lj,1611193134,1611083698
906,bonus_sp_d_width_neg_nofit_lj,1611193134,1611083698
907,bonus_sp_d_prec_fits_pos,1611193134,1611083698
908,bonus_sp_d_prec_fits_neg,1611193134,1611083698
909,bonus_sp_d_prec_fits_zero,1611193134,1611083698
910,bonus_sp_d_prec_exactfit_pos,1611193134,1611083698
911,bonus_sp_d_prec_exactfit_neg,1611193134,1611083698
912,bonus_sp_d_prec_nofit_pos,1611193134,1611083698
913,bonus_sp_d_prec_nofit_neg,1611193134,1611083698
914,bonus_sp_d_zpsp_pos_fits,1611193134,1611083698
915,bonus_sp_d_zpsp_neg_fits,1611193134,1611083698
916,bonus_sp_d_zpsp_zero_fits,1611193134,1611083698
917,bonus_sp_d_zpsp_pos_exactfit,1611193134,1611083698
918,bonus_sp_d_zpsp_neg_exactfit,1611193134,1611083698
919,bonus_sp_d_zpsp_neg_minus1fit,1611193134,1611083698
920,bonus_sp_d_prec_width_fit_fit_pos,1611193134,1611083698
921,bonus_sp_d_prec_width_fit_fit_neg,1611193134,1611083698
922,bonus_sp_d_prec_width_fit_fit_zero,1611193134,1611083698
923,bonus_sp_d_prec_width_nofit_fit_pos,1611193134,1611083698
924,bonus_sp_d_prec_width_nofit_fit_neg,1611193134,1611083698
925,bonus_sp_d_prec_width_fit_nofit_pos,1611193134,1611083698
926,bonus_sp_d_prec_width_fit_nofit_neg,1611193134,1611083698
927,bonus_sp_d_prec_width_nofit_nofit_pos,1611193134,1611083698
928,bonus_sp_d_prec_width_nofit_nofit_neg,1611193134,1611083698
929,bonus_sp_d_prec_width_fit_fit_pos_lj,1611193134,1611083698
930,bonus_sp_d_prec_width_fit_fit_neg_lj,1611193134,1611083698
931,bonus_sp_d_prec_width_fit_fit_zero_lj,1611193134,1611083698
932,bonus_sp_d_prec_width_nofit_fit_pos_lj,1611193134,1611083698
933,bonus_sp_d_prec_width_nofit_fit_neg_lj,1611193134,1611083698
934,bonus_sp_d_prec_width_fit_nofit_pos_lj,1611193134,1611083698
935,bonus_sp_d_prec_width_fit_nofit_neg_lj,1611193134,1611083698
936,bonus_sp_d_prec_width_nofit_nofit_pos_lj,1611193134,1611083698
937,bonus_sp_d_prec_width_nofit_nofit_neg_lj,1611193134,1611083698
938,bonus_sp_d_prec_width_ff_pos_zp,1611193134,1611083698
939,bonus_sp_d_prec_width_ff_neg_zp,1611193134,1611083698
940,bonus_sp_d_prec_width_ff_zero_zp,1611193134,1611083698
941,bonus_sp_d_prec_width_nf_pos_zp,1611193134,1611083698
942,bonus_sp_d_prec_width_nf_neg_zp,1611193134,1611083698
943,bonus_sp_d_prec_width_fn_pos_zp,1611193134,1611083698
944,bonus_sp_d_prec_width_fn_neg_zp,1611193134,1611083698
945,bonus_sp_d_prec_width_nn_pos_zp,1611193134,1611083698
946,bonus_sp_d_prec_width_nn_neg_zp,1611193134,1611083698
947,bonus_sp_d_prec_width_ff_pos_ljzpsp_ignoreflag,1611193134,1611083698
948,bonus_sp_d_prec_width_ff_neg_ljzpsp_ignoreflag,1611193134,1611083698
949,bonus_sp_d_prec_width_ff_zero_ljzpsp_ignoreflag,1611193134,1611083698
950,bonus_sp_d_prec_width_nf_pos_ljzpsp_ignoreflag,1611193134,1611083698
951,bonus_sp_d_prec_width_nf_neg_ljzpsp_ignoreflag,1611193134,1611083698
952,bonus_sp_d_prec_width_fn_pos_ljzpsp_ignoreflag,1611193134,1611083698
953,bonus_sp_d_prec_width_fn_neg_ljzpsp_ignoreflag,1611193134,1611083698
954,bonus_sp_d_prec_width_nn_pos_ljzpsp_ignoreflag,1611193134,1611083698
955,bonus_sp_d_prec_width_nn_neg_ljzpsp_ignoreflag,1611193134,1611083698
956,bonus_sp_i_basic_i_pos,1611193134,1611083698
957,bonus_sp_i_basic_i_neg,1611193134,1611083698
958,bonus_sp_i_basic_i_zero,1611193134,1611083698
959,bonus_sp_i_basic_i_onlypos,1611193134,1611083698
960,bonus_sp_i_basic_i_onlyneg,1611193134,1611083698
961,bonus_sp_i_basic_i_onlyzero,1611193134,1611083698
962,bonus_sp_i_basic_i_pos_d,1611193134,1611083698
963,bonus_sp_i_basic_i_neg_d,1611193134,1611083698
964,bonus_sp_i_basic_i_zero_d,1611193134,1611083698
965,bonus_sp_i_intmax,1611193134,1611083698
966,bonus_sp_i_intmin,1611193134,1611083698
967,bonus_sp_i_width_pos_fits,1611193134,1611083698
968,bonus_sp_i_width_neg_fits,1611193134,1611083698
969,bonus_sp_i_width_zero_fits,1611193134,1611083698
970,bonus_sp_i_width_pos_exactfit,1611193134,1611083698
971,bonus_sp_i_width_neg_exactfit,1611193134,1611083698
972,bonus_sp_i_width_pos_nofit,1611193134,1611083698
973,bonus_sp_i_width_neg_nofit,1611193134,1611083698
974,bonus_sp_i_width_pos_fits_lj,1611193134,1611083698
975,bonus_sp_i_width_neg_fits_lj,1611193134,1611083698
976,bonus_sp_i_width_zero_fits_lj,1611193134,1611083698
977,bonus_sp_i_width_pos_exactfit_lj,1611193134,1611083698
978,bonus_sp_i_width_neg_exactfit_lj,1611193134,1611083698
979,bonus_sp_i_width_pos_nofit_lj,1611193134,1611083698
980,bonus_sp_i_width_neg_nofit_lj,1611193134,1611083698
981,bonus_sp_i_prec_fits_pos,1611193134,1611083698
982,bonus_sp_i_prec_fits_neg,1611193134,1611083698
983,bonus_sp_i_prec_fits_zero,1611193134,1611083698
984,bonus_sp_i_prec_exactfit_pos,1611193134,1611083698
985,bonus_sp_i_prec_exactfit_neg,1611193134,1611083698
986,bonus_sp_i_prec_nofit_pos,1611193134,1611083698
987,bonus_sp_i_prec_nofit_neg,1611193134,1611083698
988,bonus_sp_i_zpsp_pos_fits,1611193134,1611083698
989,bonus_sp_i_zpsp_neg_fits,1611193134,1611083698
990,bonus_sp_i_zpsp_zero_fits,1611193134,1611083698
991,bonus_sp_i_zpsp_pos_exactfit,1611193134,1611083698
992,bonus_sp_i_zpsp_neg_exactfit,1611193134,1611083698
993,bonus_sp_i_zpsp_neg_minus1fit,1611193134,1611083698
994,bonus_sp_i_prec_width_fit_fit_pos,1611193134,1611083698
995,bonus_sp_i_prec_width_fit_fit_neg,1611193134,1611083698
996,bonus_sp_i_prec_width_fit_fit_zero,1611193134,1611083698
997,bonus_sp_i_prec_width_nofit_fit_pos,1611193134,1611083698
998,bonus_sp_i_prec_width_nofit_fit_neg,1611193134,1611083698
999,bonus_sp_i_prec_width_fit_nofit_pos,1611193134,1611083698
1000,bonus_sp_i_prec_width_fit_nofit_neg,1611193134,1611083698
1001,bonus_sp_i_prec_width_nofit_nofit_pos,1611193134,1611083698
1002,bonus_sp_i_prec_width_nofit_nofit_neg,1611193134,1611083698
1003,bonus_sp_i_prec_width_fit_fit_pos_lj,1611193134,1611083698
1004,bonus_sp_i_prec_width_fit_fit_neg_lj,1611193134,1611083698
1005,bonus_sp_i_prec_width_fit_fit_zero_lj,1611193134,1611083698
1006,bonus_sp_i_prec_width_nofit_fit_pos_lj,1611193134,1611083698
1007,bonus_sp_i_prec_width_nofit_fit_neg_lj,1611193134,1611083698
1008,bonus_sp_i_prec_width_fit_nofit_pos_lj,1611193134,1611083698
1009,bonus_sp_i_prec_width_fit_nofit_neg_lj,1611193134,1611083698
1010,bonus_sp_i_prec_width_nofit_nofit_pos_lj,1611193134,1611083698
1011,bonus_sp_i_prec_width_nofit_nofit_neg_lj,1611193134,1611083698
1012,bonus_sp_i_prec_width_ff_pos_zp,1611193134,1611083698
1013,bonus_sp_i_prec_width_ff_neg_zp,1611193134,1611083698
1014,bonus_sp_i_prec_width_ff_zero_zp,1611193134,1611083698
1015,bonus_sp_i_prec_width_nf_pos_zp,1611193134,1611083698
1016,bonus_sp_i_prec_width_nf_neg_zp,1611193134,1611083698
1017,bonus_sp_i_prec_width_fn_pos_zp,1611193134,1611083698
1018,bonus_sp_i_prec_width_fn_neg_zp,1611193134,1611083698
1019,bonus_sp_i_prec_width_nn_pos_zp,1611193134,1611083698
1020,bonus_sp_i_prec_width_nn_neg_zp,1611193134,1611083698
1021,bonus_sp_i_prec_width_ff_pos_ljzpsp_ignoreflag,1611193134,1611083698
1022,bonus_sp_i_prec_width_ff_neg_ljzpsp_ignoreflag,1611193134,1611083698
1023,bonus_sp_i_prec_width_ff_zero_ljzpsp_ignoreflag,1611193134,1611083698
1024,bonus_sp_i_prec_width_nf_pos_ljzpsp_ignoreflag,1611193134,1611083698
1025,bonus_sp_i_prec_width_nf_neg_ljzpsp_ignoreflag,1611193134,1611083698
1026,bonus_sp_i_prec_width_fn_pos_ljzpsp_ignoreflag,1611193134,1611083698
1027,bonus_sp_i_prec_width_fn_neg_ljzpsp_ignoreflag,1611193134,1611083698
1028,bonus_sp_i_prec_width_nn_pos_ljzpsp_ignoreflag,1611193134,1611083698
1029,bonus_sp_i_prec_width_nn_neg_ljzpsp_ignoreflag,1611193134,1611083698
1030,nocrash_notrequired_bonus_sp_dupflag_d,1611193134,0
1031,nocrash_notrequired_bonus_sp_c_1,1611193134,0
1032,nocrash_notrequired_bonus_sp_c_2,1611193134,1601589654
1033,nocrash_notrequired_bonus_sp_s_1,1611193134,0
1034,nocrash_notrequired_bonus_sp_p_1,1611193134,0
1035,nocrash_notrequired_bonus_sp_p_2,1611193134,0
1036,nocrash_notrequired_bonus_sp_u,1611193134,0
1037,nocrash_notrequired_bonus_sp_x,1611193134,0
1038,nocrash_notrequired_bonus_sp_X,1611193134,0
1129,nocrash_notrequired_bonus_af_noarg_4,1611193134,0
1130,nocrash_notrequired_bonus_af_nullarg_4,1611193134,0
1131,nocrash_notrequired_bonus_af_dupflag_x,1611193134,0
1132,nocrash_notrequired_bonus_af_dupflag_xasasljw,1611193134,0
1133,nocrash_notrequired_bonus_af_c,1611193134,0
1134,nocrash_notrequired_bonus_af_s,1611193134,0
1135,nocrash_notrequired_bonus_af_p,1611193134,0
1136,nocrash_notrequired_bonus_af_d,1611193134,0
1137,nocrash_notrequired_bonus_af_i,1611193134,0
1138,nocrash_notrequired_bonus_af_u,1611193134,0
1237,nocrash_notrequired_bonus_assp_dupflag_d_spassp,1611193134,0
1489,nocrash_notrequired_bonus_length_noarg_11,1611193134,0
1490,nocrash_notrequired_bonus_length_noarg_12,1611193134,0
1491,nocrash_notrequired_bonus_length_noarg_13,1611193134,0
1492,nocrash_notrequired_bonus_length_noarg_14,1611193134,0
1493,nocrash_notrequired_bonus_length_nullarg_11,1611193134,0
1494,nocrash_notrequired_bonus_length_nullarg_12,1611193134,0
1495,nocrash_notrequired_bonus_length_nullarg_13,1611193134,0
1496,nocrash_notrequired_bonus_length_nullarg_14,1611193134,0
1497,nocrash_notrequired_bonus_length_c_hh,1611193134,0
1498,nocrash_notrequired_bonus_length_c_h,1611193134,0
1499,nocrash_notrequired_bonus_length_c_l,1611193134,0
1500,nocrash_notrequired_bonus_length_c_ll,1611193134,0
1501,nocrash_notrequired_bonus_length_s_hh,1611193134,0
1502,nocrash_notrequired_bonus_length_s_h,1611193134,0
1503,nocrash_notrequired_bonus_length_s_l,1611193134,0
1504,nocrash_notrequired_bonus_length_s_ll,1611193134,0
1505,nocrash_notrequired_bonus_length_p_hh,1611193134,0
1506,nocrash_notrequired_bonus_length_p_h,1611193134,0
1507,nocrash_notrequired_bonus_length_p_l,1611193134,0
1508,nocrash_notrequired_bonus_length_p_ll,1611193134,0
1509,nocrash_notrequired_bonus_length_d_hhh,1611193134,0
1510,nocrash_notrequired_bonus_length_d_hhhh,1611193134,0
1511,nocrash_notrequired_bonus_length_d_hhl,1611193134,0
1512,nocrash_notrequired_bonus_length_d_hhll,1611193134,0
1513,nocrash_notrequired_bonus_length_d_llh,1611193134,0
1514,nocrash_notrequired_bonus_length_d_lll,1611193134,0
1515,nocrash_notrequired_bonus_length_i_hhh,1611193134,0
1516,nocrash_notrequired_bonus_length_u_hhh,1611193134,0
1517,nocrash_notrequired_bonus_length_u_hhhh,1611193134,0
1518,nocrash_notrequired_bonus_length_u_hhl,1611193134,0
1519,nocrash_notrequired_bonus_length_u_hhll,1611193134,0
1520,nocrash_notrequired_bonus_length_u_llh,1611193134,0
1521,nocrash_notrequired_bonus_length_u_lll,1611193134,0
1522,nocrash_notrequired_bonus_length_x_hhh,1611193134,0
1523,nocrash_notrequired_bonus_length_x_hhhh,1611193134,1603461186
1524,nocrash_notrequired_bonus_length_x_hhl,1611193134,0
1525,nocrash_notrequired_bonus_length_x_hhll,1611193134,0
1526,nocrash_notrequired_bonus_length_x_llh,1611193134,0
1527,nocrash_notrequired_bonus_length_x_lll,1611193134,0
1528,nocrash_notrequired_bonus_length_X_hhh,1611193134,0
1529,nocrash_notrequired_bonus_length_X_llh,1611193134,0
1530,nocrash_notrequired_bonus_length_f_hh,1611193134,0
1531,nocrash_notrequired_bonus_length_f_h,1611193134,1601589684
1532,nocrash_notrequired_bonus_length_f_ll,1611193134,0
1533,nocrash_notrequired_bonus_length_f_lll,1611193134,0
1534,nocrash_notrequired_bonus_length_f_llll,1611193134,0
3170,bonus_sp_moul_1,1611193134,1611083698
3171,bonus_sp_moul_2,1611193134,1611083698
3172,bonus_sp_moul_3,1611193134,1611083698
3173,bonus_sp_moul_prec_2,1611193134,1611083698
3178,bonus_moul_hash_1,1611193134,1611083698
3179,bonus_moul_hash_2,1611193134,1603460484
3180,bonus_moul_hash_9,1611193134,1611083698
3181,bonus_moul_hash_10,1611193134,1601342109
3182,bonus_moul_hash_11,1611193134,1611083698
3183,bonus_moul_hash_12,1611193134,1601342109
3930,nocrash_notinsubject_notrequired_o_sp,1611193134,0
3931,nocrash_notinsubject_notrequired_o_hhh,1611193134,0
3932,nocrash_notinsubject_notrequired_o_hhhh,1611193134,0
3933,nocrash_notinsubject_notrequired_o_hhl,1611193134,0
3934,nocrash_notinsubject_notrequired_o_hhll,1611193134,0
3935,nocrash_notinsubject_notrequired_o_llh,1611193134,0
3936,nocrash_notinsubject_notrequired_o_lll,1611193134,1611087656
3937,nocrash_notinsubject_notrequired_o_lj_nowidth,1611193134,0
3938,nocrash_notinsubject_notrequired_o_as,1611193134,1603460046
3951,notinsubject_moul_o_hash_3,1611193134,1611083698
3952,notinsubject_moul_o_hash_4,1611193134,1611083698
3953,notinsubject_moul_o_hash_5,1611193134,1611083698
3954,notinsubject_moul_o_hash_6,1611193134,1611083698
3955,notinsubject_moul_o_hash_7,1611193134,1611083698
3956,notinsubject_moul_o_hash_8,1611193134,1611083698
4186,d_neg_prec_star_01,1611193134,1601329415
4187,d_neg_prec_star_02,1611193134,1603461789
4188,d_neg_prec_star_03,1611193134,1601329415
4189,u_neg_prec_star_01,1611193134,1601329415
4190,u_neg_prec_star_02,1611193134,1603466132
4191,u_neg_prec_star_03,1611193134,1601329415
4192,notintsubject_o_neg_prec_star_01,1611193134,1611083698
4193,notintsubject_o_neg_prec_star_02,1611193134,1611083698
4194,notintsubject_o_neg_prec_star_03,1611193134,1611083698
4195,x_neg_prec_star_01,1611193134,1601342109
4196,x_neg_prec_star_02,1611193134,1601342109
4197,x_neg_prec_star_03,1611193134,1601342109
4198,X_neg_prec_star_01,1611193134,1603459378
4199,X_neg_prec_star_02,1611193134,1601443368
4200,X_neg_prec_star_03,1611193134,1601342109
4201,s_neg_prec_star_01,1611193134,1603462827
4202,s_neg_prec_star_02,1611193134,1603459676
4203,p_neg_prec_star_01,1611193134,1603459834
4204,p_neg_prec_star_02,1611193134,1601329415
4205,p_neg_prec_star_03,1611192963,1611193134
4206,p_neg_prec_star_04,1611192963,1611193134
4207,bonus_n_format_only,1611193134,1611083698
4208,bonus_n_format_only_sp,1611193134,1611083698
4209,bonus_n_format_only_af,1611193134,1611083698
4210,bonus_n_format_only_zp,1611193134,1611192247
4211,bonus_n_format_only_lj,1611193134,1611083698
4212,bonus_n_format_only_as,1611193134,1611083698
4213,bonus_n_format_only_w,1611193134,1611083698
4214,bonus_n_format_only_prec,1611193134,1611083698
4215,bonus_n_format_only_w_prec,1611193134,1611083698
4216,bonus_n_format_only_prec_star,1611193134,1611083698
4217,bonus_n_format_only_w_star,1611193134,1611083798
4218,bonus_n_format_only_wprec_star,1611193134,1611083698
